<beans xmlns="http://www.springframework.org/schema/beans"
	xmlns:xsi="http://www.w3.org/2001/XMLSchema-instance" xmlns:mvc="http://www.springframework.org/schema/mvc"
	xmlns:context="http://www.springframework.org/schema/context"
	xmlns:aop="http://www.springframework.org/schema/aop" xmlns:tx="http://www.springframework.org/schema/tx"
	xsi:schemaLocation="http://www.springframework.org/schema/beans 
		http://www.springframework.org/schema/beans/spring-beans-3.2.xsd 
		http://www.springframework.org/schema/mvc 
		http://www.springframework.org/schema/mvc/spring-mvc-3.2.xsd 
		http://www.springframework.org/schema/context 
		http://www.springframework.org/schema/context/spring-context-3.2.xsd 
		http://www.springframework.org/schema/aop 
		http://www.springframework.org/schema/aop/spring-aop-3.2.xsd 
		http://www.springframework.org/schema/tx 
		http://www.springframework.org/schema/tx/spring-tx-3.2.xsd ">
	<context:component-scan base-package="com.garden.controller"/>
<bean id="multipartResolver" class="org.springframework.web.multipart.commons.CommonsMultipartResolver">  
    <property name="maxUploadSize" value="1048576" />  
</bean>

	<!-- 配置注解驱动 -->
	<mvc:annotation-driven />
	
	<!-- 对静态资源放行 -->
	<!-- <mvc:default-servlet-handler /> -->
	<!-- <mvc:resources location="/css/" mapping="/css/**"/>
	<mvc:resources location="/js/" mapping="/js/**"/>
	<mvc:resources location="/fonts/" mapping="/fonts/**"/> -->
	

	<!-- 配置视图解析器 -->
	<aop:aspectj-autoproxy proxy-target-class="true" /> 
	<bean	class="org.springframework.web.servlet.view.InternalResourceViewResolver">
		<!-- 前缀 -->
		<property name="prefix" value="/WEB-INF/jsp/" />
		<!-- 后缀 -->
		<property name="suffix" value=".jsp" />
	</bean>
</beans>
