<?xml version="1.0" encoding="UTF-8" ?>
<!DOCTYPE mapper PUBLIC "-//mybatis.org//DTD Mapper 3.0//EN" "http://mybatis.org/dtd/mybatis-3-mapper.dtd" >
<mapper namespace="com.garden.mapper.CollectionMapper" >
  <resultMap id="BaseResultMap" type="com.garden.po.Collection" >
    <result column="coll_userid" property="collUserid" jdbcType="VARCHAR" />
    <result column="coll_dynamicid" property="collDynamicid" jdbcType="INTEGER" />
    <result column="coll_plantid" property="collPlantid" jdbcType="INTEGER" />
  </resultMap>
  <sql id="Example_Where_Clause" >
    <where >
      <foreach collection="oredCriteria" item="criteria" separator="or" >
        <if test="criteria.valid" >
          <trim prefix="(" suffix=")" prefixOverrides="and" >
            <foreach collection="criteria.criteria" item="criterion" >
              <choose >
                <when test="criterion.noValue" >
                  and ${criterion.condition}
                </when>
                <when test="criterion.singleValue" >
                  and ${criterion.condition} #{criterion.value}
                </when>
                <when test="criterion.betweenValue" >
                  and ${criterion.condition} #{criterion.value} and #{criterion.secondValue}
                </when>
                <when test="criterion.listValue" >
                  and ${criterion.condition}
                  <foreach collection="criterion.value" item="listItem" open="(" close=")" separator="," >
                    #{listItem}
                  </foreach>
                </when>
              </choose>
            </foreach>
          </trim>
        </if>
      </foreach>
    </where>
  </sql>
  <sql id="Update_By_Example_Where_Clause" >
    <where >
      <foreach collection="example.oredCriteria" item="criteria" separator="or" >
        <if test="criteria.valid" >
          <trim prefix="(" suffix=")" prefixOverrides="and" >
            <foreach collection="criteria.criteria" item="criterion" >
              <choose >
                <when test="criterion.noValue" >
                  and ${criterion.condition}
                </when>
                <when test="criterion.singleValue" >
                  and ${criterion.condition} #{criterion.value}
                </when>
                <when test="criterion.betweenValue" >
                  and ${criterion.condition} #{criterion.value} and #{criterion.secondValue}
                </when>
                <when test="criterion.listValue" >
                  and ${criterion.condition}
                  <foreach collection="criterion.value" item="listItem" open="(" close=")" separator="," >
                    #{listItem}
                  </foreach>
                </when>
              </choose>
            </foreach>
          </trim>
        </if>
      </foreach>
    </where>
  </sql>
  <sql id="Base_Column_List" >
    coll_userid, coll_dynamicid, coll_plantid
  </sql>
  <select id="selectByExample" resultMap="BaseResultMap" parameterType="com.garden.po.CollectionExample" >
    select
    <if test="distinct" >
      distinct
    </if>
    <include refid="Base_Column_List" />
    from collection
    <if test="_parameter != null" >
      <include refid="Example_Where_Clause" />
    </if>
    <if test="orderByClause != null" >
      order by ${orderByClause}
    </if>
  </select>
  <delete id="deleteByExample" parameterType="com.garden.po.CollectionExample" >
    delete from collection
    <if test="_parameter != null" >
      <include refid="Example_Where_Clause" />
    </if>
  </delete>
  <insert id="insert" parameterType="com.garden.po.Collection" >
    insert into collection (coll_userid, coll_dynamicid, coll_plantid
      )
    values (#{collUserid,jdbcType=VARCHAR}, #{collDynamicid,jdbcType=INTEGER}, #{collPlantid,jdbcType=INTEGER}
      )
  </insert>
  <insert id="insertSelective" parameterType="com.garden.po.Collection" >
    insert into collection
    <trim prefix="(" suffix=")" suffixOverrides="," >
      <if test="collUserid != null" >
        coll_userid,
      </if>
      <if test="collDynamicid != null" >
        coll_dynamicid,
      </if>
      <if test="collPlantid != null" >
        coll_plantid,
      </if>
    </trim>
    <trim prefix="values (" suffix=")" suffixOverrides="," >
      <if test="collUserid != null" >
        #{collUserid,jdbcType=VARCHAR},
      </if>
      <if test="collDynamicid != null" >
        #{collDynamicid,jdbcType=INTEGER},
      </if>
      <if test="collPlantid != null" >
        #{collPlantid,jdbcType=INTEGER},
      </if>
    </trim>
  </insert>
  <select id="countByExample" parameterType="com.garden.po.CollectionExample" resultType="java.lang.Integer" >
    select count(*) from collection
    <if test="_parameter != null" >
      <include refid="Example_Where_Clause" />
    </if>
  </select>
  <update id="updateByExampleSelective" parameterType="map" >
    update collection
    <set >
      <if test="record.collUserid != null" >
        coll_userid = #{record.collUserid,jdbcType=VARCHAR},
      </if>
      <if test="record.collDynamicid != null" >
        coll_dynamicid = #{record.collDynamicid,jdbcType=INTEGER},
      </if>
      <if test="record.collPlantid != null" >
        coll_plantid = #{record.collPlantid,jdbcType=INTEGER},
      </if>
    </set>
    <if test="_parameter != null" >
      <include refid="Update_By_Example_Where_Clause" />
    </if>
  </update>
  <update id="updateByExample" parameterType="map" >
    update collection
    set coll_userid = #{record.collUserid,jdbcType=VARCHAR},
      coll_dynamicid = #{record.collDynamicid,jdbcType=INTEGER},
      coll_plantid = #{record.collPlantid,jdbcType=INTEGER}
    <if test="_parameter != null" >
      <include refid="Update_By_Example_Where_Clause" />
    </if>
  </update>
</mapper>