<?xml version="1.0" encoding="UTF-8" ?>
<!DOCTYPE mapper PUBLIC "-//mybatis.org//DTD Mapper 3.0//EN" "http://mybatis.org/dtd/mybatis-3-mapper.dtd" >
<mapper namespace="com.garden.mapper.CommentMapper" >
  <resultMap id="BaseResultMap" type="com.garden.po.Comment" >
    <id column="comment_id" property="commentId" jdbcType="INTEGER" />
    <result column="comment_dynamicid" property="commentDynamicid" jdbcType="INTEGER" />
    <result column="comment_description" property="commentDescription" jdbcType="VARCHAR" />
    <result column="comment_date" property="commentDate" jdbcType="TIMESTAMP" />
    <result column="comment_pointnum" property="commentPointnum" jdbcType="INTEGER" />
  </resultMap>
  <sql id="Example_Where_Clause" >
    <where >
      <foreach collection="oredCriteria" item="criteria" separator="or" >
        <if test="criteria.valid" >
          <trim prefix="(" suffix=")" prefixOverrides="and" >
            <foreach collection="criteria.criteria" item="criterion" >
              <choose >
                <when test="criterion.noValue" >
                  and ${criterion.condition}
                </when>
                <when test="criterion.singleValue" >
                  and ${criterion.condition} #{criterion.value}
                </when>
                <when test="criterion.betweenValue" >
                  and ${criterion.condition} #{criterion.value} and #{criterion.secondValue}
                </when>
                <when test="criterion.listValue" >
                  and ${criterion.condition}
                  <foreach collection="criterion.value" item="listItem" open="(" close=")" separator="," >
                    #{listItem}
                  </foreach>
                </when>
              </choose>
            </foreach>
          </trim>
        </if>
      </foreach>
    </where>
  </sql>
  <sql id="Update_By_Example_Where_Clause" >
    <where >
      <foreach collection="example.oredCriteria" item="criteria" separator="or" >
        <if test="criteria.valid" >
          <trim prefix="(" suffix=")" prefixOverrides="and" >
            <foreach collection="criteria.criteria" item="criterion" >
              <choose >
                <when test="criterion.noValue" >
                  and ${criterion.condition}
                </when>
                <when test="criterion.singleValue" >
                  and ${criterion.condition} #{criterion.value}
                </when>
                <when test="criterion.betweenValue" >
                  and ${criterion.condition} #{criterion.value} and #{criterion.secondValue}
                </when>
                <when test="criterion.listValue" >
                  and ${criterion.condition}
                  <foreach collection="criterion.value" item="listItem" open="(" close=")" separator="," >
                    #{listItem}
                  </foreach>
                </when>
              </choose>
            </foreach>
          </trim>
        </if>
      </foreach>
    </where>
  </sql>
  <sql id="Base_Column_List" >
    comment_id, comment_dynamicid, comment_description, comment_date, comment_pointnum
  </sql>
  <select id="selectByExample" resultMap="BaseResultMap" parameterType="com.garden.po.CommentExample" >
    select
    <if test="distinct" >
      distinct
    </if>
    <include refid="Base_Column_List" />
    from comment
    <if test="_parameter != null" >
      <include refid="Example_Where_Clause" />
    </if>
    <if test="orderByClause != null" >
      order by ${orderByClause}
    </if>
  </select>
  <select id="selectByPrimaryKey" resultMap="BaseResultMap" parameterType="java.lang.Integer" >
    select 
    <include refid="Base_Column_List" />
    from comment
    where comment_id = #{commentId,jdbcType=INTEGER}
  </select>
  <delete id="deleteByPrimaryKey" parameterType="java.lang.Integer" >
    delete from comment
    where comment_id = #{commentId,jdbcType=INTEGER}
  </delete>
  <delete id="deleteByExample" parameterType="com.garden.po.CommentExample" >
    delete from comment
    <if test="_parameter != null" >
      <include refid="Example_Where_Clause" />
    </if>
  </delete>
  <insert id="insert" parameterType="com.garden.po.Comment" >
    insert into comment (comment_id, comment_dynamicid, comment_description, 
      comment_date, comment_pointnum)
    values (#{commentId,jdbcType=INTEGER}, #{commentDynamicid,jdbcType=INTEGER}, #{commentDescription,jdbcType=VARCHAR}, 
      #{commentDate,jdbcType=TIMESTAMP}, #{commentPointnum,jdbcType=INTEGER})
  </insert>
  <insert id="insertSelective" parameterType="com.garden.po.Comment" >
    insert into comment
    <trim prefix="(" suffix=")" suffixOverrides="," >
      <if test="commentId != null" >
        comment_id,
      </if>
      <if test="commentDynamicid != null" >
        comment_dynamicid,
      </if>
      <if test="commentDescription != null" >
        comment_description,
      </if>
      <if test="commentDate != null" >
        comment_date,
      </if>
      <if test="commentPointnum != null" >
        comment_pointnum,
      </if>
    </trim>
    <trim prefix="values (" suffix=")" suffixOverrides="," >
      <if test="commentId != null" >
        #{commentId,jdbcType=INTEGER},
      </if>
      <if test="commentDynamicid != null" >
        #{commentDynamicid,jdbcType=INTEGER},
      </if>
      <if test="commentDescription != null" >
        #{commentDescription,jdbcType=VARCHAR},
      </if>
      <if test="commentDate != null" >
        #{commentDate,jdbcType=TIMESTAMP},
      </if>
      <if test="commentPointnum != null" >
        #{commentPointnum,jdbcType=INTEGER},
      </if>
    </trim>
  </insert>
  <select id="countByExample" parameterType="com.garden.po.CommentExample" resultType="java.lang.Integer" >
    select count(*) from comment
    <if test="_parameter != null" >
      <include refid="Example_Where_Clause" />
    </if>
  </select>
  <update id="updateByExampleSelective" parameterType="map" >
    update comment
    <set >
      <if test="record.commentId != null" >
        comment_id = #{record.commentId,jdbcType=INTEGER},
      </if>
      <if test="record.commentDynamicid != null" >
        comment_dynamicid = #{record.commentDynamicid,jdbcType=INTEGER},
      </if>
      <if test="record.commentDescription != null" >
        comment_description = #{record.commentDescription,jdbcType=VARCHAR},
      </if>
      <if test="record.commentDate != null" >
        comment_date = #{record.commentDate,jdbcType=TIMESTAMP},
      </if>
      <if test="record.commentPointnum != null" >
        comment_pointnum = #{record.commentPointnum,jdbcType=INTEGER},
      </if>
    </set>
    <if test="_parameter != null" >
      <include refid="Update_By_Example_Where_Clause" />
    </if>
  </update>
  <update id="updateByExample" parameterType="map" >
    update comment
    set comment_id = #{record.commentId,jdbcType=INTEGER},
      comment_dynamicid = #{record.commentDynamicid,jdbcType=INTEGER},
      comment_description = #{record.commentDescription,jdbcType=VARCHAR},
      comment_date = #{record.commentDate,jdbcType=TIMESTAMP},
      comment_pointnum = #{record.commentPointnum,jdbcType=INTEGER}
    <if test="_parameter != null" >
      <include refid="Update_By_Example_Where_Clause" />
    </if>
  </update>
  <update id="updateByPrimaryKeySelective" parameterType="com.garden.po.Comment" >
    update comment
    <set >
      <if test="commentDynamicid != null" >
        comment_dynamicid = #{commentDynamicid,jdbcType=INTEGER},
      </if>
      <if test="commentDescription != null" >
        comment_description = #{commentDescription,jdbcType=VARCHAR},
      </if>
      <if test="commentDate != null" >
        comment_date = #{commentDate,jdbcType=TIMESTAMP},
      </if>
      <if test="commentPointnum != null" >
        comment_pointnum = #{commentPointnum,jdbcType=INTEGER},
      </if>
    </set>
    where comment_id = #{commentId,jdbcType=INTEGER}
  </update>
  <update id="updateByPrimaryKey" parameterType="com.garden.po.Comment" >
    update comment
    set comment_dynamicid = #{commentDynamicid,jdbcType=INTEGER},
      comment_description = #{commentDescription,jdbcType=VARCHAR},
      comment_date = #{commentDate,jdbcType=TIMESTAMP},
      comment_pointnum = #{commentPointnum,jdbcType=INTEGER}
    where comment_id = #{commentId,jdbcType=INTEGER}
  </update>
</mapper>