<?xml version="1.0" encoding="UTF-8"?>
<!DOCTYPE mapper PUBLIC "-//mybatis.org//DTD Mapper 3.0//EN" "http://mybatis.org/dtd/mybatis-3-mapper.dtd">
<mapper namespace="com.garden.mapper.DiaryMapper">
  <resultMap id="BaseResultMap" type="com.garden.po.Diary">
    <id column="diary_id" jdbcType="INTEGER" property="diaryId" />
    <result column="diary_userid" jdbcType="VARCHAR" property="diaryUserid" />
    <result column="diary_plantname" jdbcType="VARCHAR" property="diaryPlantname" />
    <result column="diary_space" jdbcType="VARCHAR" property="diarySpace" />
    <result column="diary_method" jdbcType="VARCHAR" property="diaryMethod" />
    <result column="diary_city" jdbcType="VARCHAR" property="diaryCity" />
    <result column="diary_sun" jdbcType="VARCHAR" property="diarySun" />
    <result column="diary_water" jdbcType="VARCHAR" property="diaryWater" />
    <result column="diary_temperature" jdbcType="VARCHAR" property="diaryTemperature" />
    <result column="diary_soil" jdbcType="VARCHAR" property="diarySoil" />
    <result column="diary_time" jdbcType="VARCHAR" property="diaryTime" />
    <result column="diary_image" jdbcType="VARCHAR" property="diaryImage" />
    <result column="diary_pointnum" jdbcType="INTEGER" property="diaryPointnum" />
    <result column="diary_flowering" jdbcType="VARCHAR" property="diaryFlowering" />
  </resultMap>
  <sql id="Example_Where_Clause">
    <where>
      <foreach collection="oredCriteria" item="criteria" separator="or">
        <if test="criteria.valid">
          <trim prefix="(" prefixOverrides="and" suffix=")">
            <foreach collection="criteria.criteria" item="criterion">
              <choose>
                <when test="criterion.noValue">
                  and ${criterion.condition}
                </when>
                <when test="criterion.singleValue">
                  and ${criterion.condition} #{criterion.value}
                </when>
                <when test="criterion.betweenValue">
                  and ${criterion.condition} #{criterion.value} and #{criterion.secondValue}
                </when>
                <when test="criterion.listValue">
                  and ${criterion.condition}
                  <foreach close=")" collection="criterion.value" item="listItem" open="(" separator=",">
                    #{listItem}
                  </foreach>
                </when>
              </choose>
            </foreach>
          </trim>
        </if>
      </foreach>
    </where>
  </sql>
  <sql id="Update_By_Example_Where_Clause">
    <where>
      <foreach collection="example.oredCriteria" item="criteria" separator="or">
        <if test="criteria.valid">
          <trim prefix="(" prefixOverrides="and" suffix=")">
            <foreach collection="criteria.criteria" item="criterion">
              <choose>
                <when test="criterion.noValue">
                  and ${criterion.condition}
                </when>
                <when test="criterion.singleValue">
                  and ${criterion.condition} #{criterion.value}
                </when>
                <when test="criterion.betweenValue">
                  and ${criterion.condition} #{criterion.value} and #{criterion.secondValue}
                </when>
                <when test="criterion.listValue">
                  and ${criterion.condition}
                  <foreach close=")" collection="criterion.value" item="listItem" open="(" separator=",">
                    #{listItem}
                  </foreach>
                </when>
              </choose>
            </foreach>
          </trim>
        </if>
      </foreach>
    </where>
  </sql>
  <sql id="Base_Column_List">
    diary_id, diary_userid, diary_plantname, diary_space, diary_method, diary_city, diary_sun, 
    diary_water, diary_temperature, diary_soil, diary_time, diary_image, diary_pointnum, 
    diary_flowering
  </sql>
  <select id="selectByExample" parameterType="com.garden.po.DiaryExample" resultMap="BaseResultMap">
    select
    <if test="distinct">
      distinct
    </if>
    <include refid="Base_Column_List" />
    from diary
    <if test="_parameter != null">
      <include refid="Example_Where_Clause" />
    </if>
    <if test="orderByClause != null">
      order by ${orderByClause}
    </if>
  </select>
  <select id="selectByPrimaryKey" parameterType="java.lang.Integer" resultMap="BaseResultMap">
    select 
    <include refid="Base_Column_List" />
    from diary
    where diary_id = #{diaryId,jdbcType=INTEGER}
  </select>
  <delete id="deleteByPrimaryKey" parameterType="java.lang.Integer">
    delete from diary
    where diary_id = #{diaryId,jdbcType=INTEGER}
  </delete>
  <delete id="deleteByExample" parameterType="com.garden.po.DiaryExample">
    delete from diary
    <if test="_parameter != null">
      <include refid="Example_Where_Clause" />
    </if>
  </delete>
  <insert id="insert" parameterType="com.garden.po.Diary">
    insert into diary (diary_id, diary_userid, diary_plantname, 
      diary_space, diary_method, diary_city, 
      diary_sun, diary_water, diary_temperature, 
      diary_soil, diary_time, diary_image, 
      diary_pointnum, diary_flowering)
    values (#{diaryId,jdbcType=INTEGER}, #{diaryUserid,jdbcType=VARCHAR}, #{diaryPlantname,jdbcType=VARCHAR}, 
      #{diarySpace,jdbcType=VARCHAR}, #{diaryMethod,jdbcType=VARCHAR}, #{diaryCity,jdbcType=VARCHAR}, 
      #{diarySun,jdbcType=VARCHAR}, #{diaryWater,jdbcType=VARCHAR}, #{diaryTemperature,jdbcType=VARCHAR}, 
      #{diarySoil,jdbcType=VARCHAR}, #{diaryTime,jdbcType=VARCHAR}, #{diaryImage,jdbcType=VARCHAR}, 
      #{diaryPointnum,jdbcType=INTEGER}, #{diaryFlowering,jdbcType=VARCHAR})
  </insert>
  <insert id="insertSelective" parameterType="com.garden.po.Diary">
    insert into diary
    <trim prefix="(" suffix=")" suffixOverrides=",">
      <if test="diaryId != null">
        diary_id,
      </if>
      <if test="diaryUserid != null">
        diary_userid,
      </if>
      <if test="diaryPlantname != null">
        diary_plantname,
      </if>
      <if test="diarySpace != null">
        diary_space,
      </if>
      <if test="diaryMethod != null">
        diary_method,
      </if>
      <if test="diaryCity != null">
        diary_city,
      </if>
      <if test="diarySun != null">
        diary_sun,
      </if>
      <if test="diaryWater != null">
        diary_water,
      </if>
      <if test="diaryTemperature != null">
        diary_temperature,
      </if>
      <if test="diarySoil != null">
        diary_soil,
      </if>
      <if test="diaryTime != null">
        diary_time,
      </if>
      <if test="diaryImage != null">
        diary_image,
      </if>
      <if test="diaryPointnum != null">
        diary_pointnum,
      </if>
      <if test="diaryFlowering != null">
        diary_flowering,
      </if>
    </trim>
    <trim prefix="values (" suffix=")" suffixOverrides=",">
      <if test="diaryId != null">
        #{diaryId,jdbcType=INTEGER},
      </if>
      <if test="diaryUserid != null">
        #{diaryUserid,jdbcType=VARCHAR},
      </if>
      <if test="diaryPlantname != null">
        #{diaryPlantname,jdbcType=VARCHAR},
      </if>
      <if test="diarySpace != null">
        #{diarySpace,jdbcType=VARCHAR},
      </if>
      <if test="diaryMethod != null">
        #{diaryMethod,jdbcType=VARCHAR},
      </if>
      <if test="diaryCity != null">
        #{diaryCity,jdbcType=VARCHAR},
      </if>
      <if test="diarySun != null">
        #{diarySun,jdbcType=VARCHAR},
      </if>
      <if test="diaryWater != null">
        #{diaryWater,jdbcType=VARCHAR},
      </if>
      <if test="diaryTemperature != null">
        #{diaryTemperature,jdbcType=VARCHAR},
      </if>
      <if test="diarySoil != null">
        #{diarySoil,jdbcType=VARCHAR},
      </if>
      <if test="diaryTime != null">
        #{diaryTime,jdbcType=VARCHAR},
      </if>
      <if test="diaryImage != null">
        #{diaryImage,jdbcType=VARCHAR},
      </if>
      <if test="diaryPointnum != null">
        #{diaryPointnum,jdbcType=INTEGER},
      </if>
      <if test="diaryFlowering != null">
        #{diaryFlowering,jdbcType=VARCHAR},
      </if>
    </trim>
  </insert>
  <select id="countByExample" parameterType="com.garden.po.DiaryExample" resultType="java.lang.Integer">
    select count(*) from diary
    <if test="_parameter != null">
      <include refid="Example_Where_Clause" />
    </if>
  </select>
  <update id="updateByExampleSelective" parameterType="map">
    update diary
    <set>
      <if test="record.diaryId != null">
        diary_id = #{record.diaryId,jdbcType=INTEGER},
      </if>
      <if test="record.diaryUserid != null">
        diary_userid = #{record.diaryUserid,jdbcType=VARCHAR},
      </if>
      <if test="record.diaryPlantname != null">
        diary_plantname = #{record.diaryPlantname,jdbcType=VARCHAR},
      </if>
      <if test="record.diarySpace != null">
        diary_space = #{record.diarySpace,jdbcType=VARCHAR},
      </if>
      <if test="record.diaryMethod != null">
        diary_method = #{record.diaryMethod,jdbcType=VARCHAR},
      </if>
      <if test="record.diaryCity != null">
        diary_city = #{record.diaryCity,jdbcType=VARCHAR},
      </if>
      <if test="record.diarySun != null">
        diary_sun = #{record.diarySun,jdbcType=VARCHAR},
      </if>
      <if test="record.diaryWater != null">
        diary_water = #{record.diaryWater,jdbcType=VARCHAR},
      </if>
      <if test="record.diaryTemperature != null">
        diary_temperature = #{record.diaryTemperature,jdbcType=VARCHAR},
      </if>
      <if test="record.diarySoil != null">
        diary_soil = #{record.diarySoil,jdbcType=VARCHAR},
      </if>
      <if test="record.diaryTime != null">
        diary_time = #{record.diaryTime,jdbcType=VARCHAR},
      </if>
      <if test="record.diaryImage != null">
        diary_image = #{record.diaryImage,jdbcType=VARCHAR},
      </if>
      <if test="record.diaryPointnum != null">
        diary_pointnum = #{record.diaryPointnum,jdbcType=INTEGER},
      </if>
      <if test="record.diaryFlowering != null">
        diary_flowering = #{record.diaryFlowering,jdbcType=VARCHAR},
      </if>
    </set>
    <if test="_parameter != null">
      <include refid="Update_By_Example_Where_Clause" />
    </if>
  </update>
  <update id="updateByExample" parameterType="map">
    update diary
    set diary_id = #{record.diaryId,jdbcType=INTEGER},
      diary_userid = #{record.diaryUserid,jdbcType=VARCHAR},
      diary_plantname = #{record.diaryPlantname,jdbcType=VARCHAR},
      diary_space = #{record.diarySpace,jdbcType=VARCHAR},
      diary_method = #{record.diaryMethod,jdbcType=VARCHAR},
      diary_city = #{record.diaryCity,jdbcType=VARCHAR},
      diary_sun = #{record.diarySun,jdbcType=VARCHAR},
      diary_water = #{record.diaryWater,jdbcType=VARCHAR},
      diary_temperature = #{record.diaryTemperature,jdbcType=VARCHAR},
      diary_soil = #{record.diarySoil,jdbcType=VARCHAR},
      diary_time = #{record.diaryTime,jdbcType=VARCHAR},
      diary_image = #{record.diaryImage,jdbcType=VARCHAR},
      diary_pointnum = #{record.diaryPointnum,jdbcType=INTEGER},
      diary_flowering = #{record.diaryFlowering,jdbcType=VARCHAR}
    <if test="_parameter != null">
      <include refid="Update_By_Example_Where_Clause" />
    </if>
  </update>
  <update id="updateByPrimaryKeySelective" parameterType="com.garden.po.Diary">
    update diary
    <set>
      <if test="diaryUserid != null">
        diary_userid = #{diaryUserid,jdbcType=VARCHAR},
      </if>
      <if test="diaryPlantname != null">
        diary_plantname = #{diaryPlantname,jdbcType=VARCHAR},
      </if>
      <if test="diarySpace != null">
        diary_space = #{diarySpace,jdbcType=VARCHAR},
      </if>
      <if test="diaryMethod != null">
        diary_method = #{diaryMethod,jdbcType=VARCHAR},
      </if>
      <if test="diaryCity != null">
        diary_city = #{diaryCity,jdbcType=VARCHAR},
      </if>
      <if test="diarySun != null">
        diary_sun = #{diarySun,jdbcType=VARCHAR},
      </if>
      <if test="diaryWater != null">
        diary_water = #{diaryWater,jdbcType=VARCHAR},
      </if>
      <if test="diaryTemperature != null">
        diary_temperature = #{diaryTemperature,jdbcType=VARCHAR},
      </if>
      <if test="diarySoil != null">
        diary_soil = #{diarySoil,jdbcType=VARCHAR},
      </if>
      <if test="diaryTime != null">
        diary_time = #{diaryTime,jdbcType=VARCHAR},
      </if>
      <if test="diaryImage != null">
        diary_image = #{diaryImage,jdbcType=VARCHAR},
      </if>
      <if test="diaryPointnum != null">
        diary_pointnum = #{diaryPointnum,jdbcType=INTEGER},
      </if>
      <if test="diaryFlowering != null">
        diary_flowering = #{diaryFlowering,jdbcType=VARCHAR},
      </if>
    </set>
    where diary_id = #{diaryId,jdbcType=INTEGER}
  </update>
  <update id="updateByPrimaryKey" parameterType="com.garden.po.Diary">
    update diary
    set diary_userid = #{diaryUserid,jdbcType=VARCHAR},
      diary_plantname = #{diaryPlantname,jdbcType=VARCHAR},
      diary_space = #{diarySpace,jdbcType=VARCHAR},
      diary_method = #{diaryMethod,jdbcType=VARCHAR},
      diary_city = #{diaryCity,jdbcType=VARCHAR},
      diary_sun = #{diarySun,jdbcType=VARCHAR},
      diary_water = #{diaryWater,jdbcType=VARCHAR},
      diary_temperature = #{diaryTemperature,jdbcType=VARCHAR},
      diary_soil = #{diarySoil,jdbcType=VARCHAR},
      diary_time = #{diaryTime,jdbcType=VARCHAR},
      diary_image = #{diaryImage,jdbcType=VARCHAR},
      diary_pointnum = #{diaryPointnum,jdbcType=INTEGER},
      diary_flowering = #{diaryFlowering,jdbcType=VARCHAR}
    where diary_id = #{diaryId,jdbcType=INTEGER}
  </update>
  
</mapper>